TICKER;PER;DATE;TIME;OPEN;HIGH;LOW;CLOSE;VOL
EURRUB;60;10820;10000;87.5570000;87.6140000;87.3920000;87.3920000;11
EURRUB;60;10820;20000;87.3920000;87.4410000;87.3920000;87.4410000;5
EURRUB;60;20820;230000;87.4320000;87.4390000;87.4320000;87.4390000;4
EURRUB;60;30820;0;87.0400000;87.1110000;87.0090000;87.1110000;7
EURRUB;60;30820;10000;87.4017000;87.4017000;87.0390000;87.1945000;32
EURRUB;60;30820;20000;87.1945000;87.4010000;86.9490000;87.4010000;22
EURRUB;60;30820;30000;87.3750000;87.3940000;86.9320000;87.2730000;12
EURRUB;60;30820;40000;86.9890000;87.2920000;86.6060000;86.7460000;12
EURRUB;60;30820;50000;86.7370000;86.9853000;86.6040000;86.9092000;4532
EURRUB;60;30820;60000;86.9092000;87.0300000;86.8214000;86.8834000;4410
EURRUB;60;30820;70000;86.8844000;87.4017000;86.8532000;86.9509000;573
EURRUB;60;30820;80000;86.8930000;87.1050000;86.8834000;87.0570000;2353
EURRUB;60;30820;90000;87.0630000;87.3014000;86.9510000;87.3014000;712
EURRUB;60;30820;100000;87.4240000;87.6447000;87.2057000;87.3384000;7004
EURRUB;60;30820;110000;87.3438000;87.6839000;86.9477000;87.1208000;29490
EURRUB;60;30820;120000;87.1208000;87.3418000;86.9692000;87.1675000;20964
EURRUB;60;30820;130000;87.1690000;87.1868000;86.7663000;86.8390000;16998
EURRUB;60;30820;140000;86.8390000;86.8855000;86.3438000;86.4626000;19203
EURRUB;60;30820;150000;86.4626000;86.5442000;86.3601000;86.5000000;15254
EURRUB;60;30820;160000;86.5000000;86.8189000;86.4590000;86.6935000;19053
EURRUB;60;30820;170000;86.6930000;86.7294000;86.4389000;86.5750000;22892
EURRUB;60;30820;180000;86.5662000;86.5962000;86.1446000;86.2041000;31393
EURRUB;60;30820;190000;86.2045000;86.2373000;86.0237000;86.2094000;17931
EURRUB;60;30820;200000;86.2094000;86.2770000;85.9597000;86.1308000;10808
EURRUB;60;30820;210000;86.1306000;86.2196000;86.0535000;86.1105000;9094
EURRUB;60;30820;220000;86.1189000;86.1989000;86.0550000;86.1615000;6773
EURRUB;60;30820;230000;86.1615000;86.2143000;86.0217000;86.0878000;6511
EURRUB;60;40820;0;86.0892000;86.1076000;85.8460000;85.8882000;3843
EURRUB;60;40820;10000;86.0090000;86.0090000;85.7650000;85.8748000;35
EURRUB;60;40820;20000;85.8748000;85.9990000;85.7670000;85.8650000;1040
EURRUB;60;40820;30000;85.8663000;85.9350000;85.7570000;85.8650000;1949
EURRUB;60;40820;40000;85.8641000;85.9390000;85.7510000;85.8166000;4105
EURRUB;60;40820;50000;85.8166000;85.9522000;85.7500000;85.8486000;4371
EURRUB;60;40820;60000;85.8486000;85.9587000;85.7841000;85.9499000;4054
EURRUB;60;40820;70000;85.9499000;86.0170000;85.8298000;85.8634000;3148
EURRUB;60;40820;80000;85.8693000;86.0580000;85.8580000;85.9630000;1153
EURRUB;60;40820;90000;85.9630000;85.9864000;85.8411000;85.9076000;3306
EURRUB;60;40820;100000;85.9097000;86.1120000;85.7452000;85.8604000;8131
EURRUB;60;40820;110000;85.8604000;86.7354000;85.8518000;86.6954000;28716
EURRUB;60;40820;120000;86.6944000;86.8481000;86.5282000;86.7072000;22149
EURRUB;60;40820;130000;86.6872000;86.9811000;86.6760000;86.9739000;18747
EURRUB;60;40820;140000;86.9740000;87.2562000;86.7827000;86.8813000;20873
EURRUB;60;40820;150000;86.8806000;86.9085000;86.6082000;86.7466000;18443
EURRUB;60;40820;160000;86.7479000;86.8809000;86.6350000;86.6763000;19611
EURRUB;60;40820;170000;86.6754000;86.7770000;86.2810000;86.3030000;22497
EURRUB;60;40820;180000;86.3261000;86.7164000;86.2541000;86.7040000;20771
EURRUB;60;40820;190000;86.7055000;86.7959000;86.4150000;86.5220000;17376
EURRUB;60;40820;200000;86.5180000;86.6637000;86.4052000;86.6340000;14843
EURRUB;60;40820;210000;86.6333000;86.7160000;86.4241000;86.5518000;12497
EURRUB;60;40820;220000;86.5517000;86.7620000;86.4793000;86.6662000;11371
EURRUB;60;40820;230000;86.6633000;86.8190000;86.5477000;86.7939000;10413
EURRUB;60;50820;0;86.7964000;86.7990000;86.3874000;86.4795000;4121
EURRUB;60;50820;10000;86.4510000;86.8160000;86.4510000;86.5286000;89
EURRUB;60;50820;20000;86.5113000;86.6200000;86.4597000;86.6030000;1610
EURRUB;60;50820;30000;86.5250000;86.6940000;86.4663000;86.6380000;2581
EURRUB;60;50820;40000;86.6648000;86.7280000;86.5180000;86.5998000;3023
EURRUB;60;50820;50000;86.6065000;86.7180000;86.5480000;86.6187000;5284
EURRUB;60;50820;60000;86.6157000;86.8110000;86.5710000;86.7910000;3084
EURRUB;60;50820;70000;86.7830000;86.7830000;86.5340000;86.6020000;66
EURRUB;60;50820;80000;86.6020000;86.7790000;86.5350000;86.6107000;2688
EURRUB;60;50820;90000;86.6111000;86.7240000;86.3998000;86.4535000;1200
EURRUB;60;50820;100000;86.4535000;86.8240000;86.3845000;86.6004000;8185
EURRUB;60;50820;110000;86.5932000;86.8164000;86.4311000;86.4726000;24410
EURRUB;60;50820;120000;86.4750000;86.6256000;86.3993000;86.4675000;22315
EURRUB;60;50820;130000;86.5162000;86.5882000;86.2476000;86.5329000;23081
EURRUB;60;50820;140000;86.5168000;86.7032000;86.3978000;86.4766000;19040
EURRUB;60;50820;150000;86.4780000;86.5191000;86.2431000;86.3052000;16981
EURRUB;60;50820;160000;86.3040000;86.6943000;86.2265000;86.6194000;23998
EURRUB;60;50820;170000;86.6187000;86.7554000;86.4293000;86.4406000;24990
EURRUB;60;50820;180000;86.4500000;86.7345000;86.4030000;86.5804000;26380
EURRUB;60;50820;190000;86.5822000;86.6080000;86.3919000;86.5718000;20373
EURRUB;60;50820;200000;86.5718000;86.6000000;86.2980000;86.3889000;13998
EURRUB;60;50820;210000;86.3889000;86.5911000;86.3236000;86.5911000;5712
EURRUB;60;50820;220000;86.5736000;86.5971000;86.3869000;86.4877000;363
EURRUB;60;50820;230000;86.4722000;86.5110000;86.2856000;86.2981000;247
EURRUB;60;60820;0;86.2834000;86.4800000;86.2144000;86.4528000;220
EURRUB;60;60820;10000;86.5480000;86.5810000;86.3296000;86.3636000;44
EURRUB;60;60820;20000;86.3442000;86.5780000;86.2740000;86.5000000;41
EURRUB;60;60820;30000;86.4750000;86.5250000;86.2440000;86.4950000;12
EURRUB;60;60820;40000;86.4700000;86.5470000;86.2380000;86.2560000;12
EURRUB;60;60820;50000;86.3160000;86.5260000;86.2470000;86.2480000;12
EURRUB;60;60820;60000;86.4430000;86.4430000;86.2220000;86.3820000;12
EURRUB;60;60820;70000;86.3450000;86.4060000;86.1880000;86.3770000;12
EURRUB;60;60820;80000;86.3940000;86.5130000;86.2350000;86.4493000;960
EURRUB;60;60820;90000;86.4492000;86.7100000;86.3854000;86.5460000;376
EURRUB;60;60820;100000;86.5840000;86.7160000;86.2590000;86.5407000;9465
EURRUB;60;60820;110000;86.5407000;86.7738000;86.2634000;86.7738000;19938
EURRUB;60;60820;120000;86.7723000;86.8645000;86.6804000;86.8125000;21810
EURRUB;60;60820;130000;86.8125000;87.0869000;86.7644000;86.9479000;20742
EURRUB;60;60820;140000;86.9479000;87.0359000;86.7700000;86.9973000;17404
EURRUB;60;60820;150000;86.9980000;87.1109000;86.8416000;86.9071000;19423
EURRUB;60;60820;160000;86.9112000;87.0010000;86.7707000;86.8829000;21301
EURRUB;60;60820;170000;86.8807000;86.9921000;86.7951000;86.8957000;24266
EURRUB;60;60820;180000;86.8957000;86.9494000;86.7411000;86.9035000;26544
EURRUB;60;60820;190000;86.9035000;87.0053000;86.7613000;86.9696000;17058
EURRUB;60;60820;200000;86.9691000;87.1687000;86.8510000;87.0824000;14861
EURRUB;60;60820;210000;87.0832000;87.2190000;86.9914000;87.1567000;10267
EURRUB;60;60820;220000;87.1567000;87.2783000;87.0427000;87.1740000;9855
EURRUB;60;60820;230000;87.1740000;87.2142000;87.0061000;87.0971000;9010
EURRUB;60;70820;0;87.0971000;87.2040000;86.9616000;87.2040000;4547
EURRUB;60;70820;10000;87.8590000;87.8590000;87.0672000;87.0965000;31
EURRUB;60;70820;20000;87.1133000;87.1800000;86.7250000;87.0620000;20
EURRUB;60;70820;30000;87.0420000;87.0420000;86.7020000;86.9536000;190
EURRUB;60;70820;40000;86.9130000;87.0235000;86.7290000;86.9891000;1726
EURRUB;60;70820;50000;86.9884000;86.9913000;86.7475000;86.8297000;158
EURRUB;60;70820;60000;86.8216000;86.9740000;86.5994000;86.6489000;3229
EURRUB;60;70820;70000;86.6494000;86.7000000;86.5474000;86.5626000;8423
EURRUB;60;70820;80000;86.5613000;87.0450000;86.4150000;86.6210000;603
EURRUB;60;70820;90000;86.5720000;87.1210000;86.5720000;86.9821000;582
EURRUB;60;70820;100000;86.9828000;87.2040000;86.9360000;86.9485000;4409
EURRUB;60;70820;110000;86.9493000;87.3538000;86.9493000;87.0348000;26094
EURRUB;60;70820;120000;87.0345000;87.1246000;86.9142000;87.1006000;22131
EURRUB;60;70820;130000;87.1001000;87.2426000;86.9940000;87.0731000;22870
EURRUB;60;70820;140000;87.0731000;87.0888000;86.7907000;86.9195000;18725
EURRUB;60;70820;150000;86.9201000;86.9389000;86.7237000;86.9323000;17961
EURRUB;60;70820;160000;86.9323000;87.0447000;86.6151000;86.9012000;27523
EURRUB;60;70820;170000;86.9043000;86.9320000;86.6325000;86.7766000;31184
EURRUB;60;70820;180000;86.7804000;86.9726000;86.6537000;86.9353000;28905
EURRUB;60;70820;190000;86.9346000;86.9631000;86.6380000;86.8561000;20319
EURRUB;60;70820;200000;86.8561000;86.9105000;86.6942000;86.8511000;13435
EURRUB;60;70820;210000;86.8504000;86.9520000;86.7818000;86.8878000;12487
EURRUB;60;70820;220000;86.8877000;86.9290000;86.7767000;86.8273000;11477
EURRUB;60;70820;230000;86.8270000;86.8861000;86.7642000;86.8376000;8326
EURRUB;60;80820;0;86.8369000;86.9030000;86.7038000;86.7290000;3978
EURRUB;60;80820;10000;86.9300000;86.9300000;86.9100000;86.9100000;6
EURRUB;60;90820;230000;86.8910000;86.8910000;86.8870000;86.8870000;6
EURRUB;60;100820;0;86.7070000;86.7070000;86.7070000;86.7070000;1
EURRUB;60;100820;10000;87.4490000;87.4490000;86.4823000;86.5900000;24
EURRUB;60;100820;20000;86.4889000;86.6240000;86.4560000;86.4600000;21
EURRUB;60;100820;30000;86.6540000;86.6540000;86.5020000;86.5090000;12
EURRUB;60;100820;40000;86.5050000;86.7970000;86.5050000;86.6400000;12
EURRUB;60;100820;50000;86.6320000;86.8070000;86.6250000;86.7790000;12
EURRUB;60;100820;60000;86.7720000;86.8890000;86.6140000;86.8850000;12
EURRUB;60;100820;70000;86.5590000;86.8950000;86.5460000;86.5760000;12
EURRUB;60;100820;80000;86.4470000;86.7960000;86.1670000;86.1670000;12
EURRUB;60;100820;90000;86.3320000;86.6020000;85.8860000;86.4204000;1382
EURRUB;60;100820;100000;86.4211000;86.9141000;86.4047000;86.8657000;3778
EURRUB;60;100820;110000;86.8665000;87.1122000;86.6320000;86.7293000;31125
EURRUB;60;100820;120000;86.7301000;86.7806000;86.4960000;86.6563000;28387
EURRUB;60;100820;130000;86.6606000;86.6852000;86.4960000;86.6019000;24891
EURRUB;60;100820;140000;86.6019000;86.6720000;86.3940000;86.5701000;21546
EURRUB;60;100820;150000;86.5778000;86.6926000;86.4280000;86.6715000;20377
EURRUB;60;100820;160000;86.6708000;86.7463000;86.4960000;86.6920000;19013
EURRUB;60;100820;170000;86.6912000;86.6912000;86.3566000;86.5834000;29534
EURRUB;60;100820;180000;86.5827000;86.5867000;86.3260000;86.5440000;32386
EURRUB;60;100820;190000;86.5440000;86.6032000;86.2878000;86.3778000;21760
EURRUB;60;100820;200000;86.3779000;86.3801000;86.0880000;86.2574000;13519
EURRUB;60;100820;210000;86.2586000;86.3540000;86.1602000;86.3225000;10612
EURRUB;60;100820;220000;86.3210000;86.3520000;86.1529000;86.2049000;10295
EURRUB;60;100820;230000;86.2049000;86.2944000;86.0540000;86.2629000;9666
EURRUB;60;110820;0;86.2527000;86.2620000;86.0018000;86.1317000;6265
EURRUB;60;110820;10000;86.7500000;86.7500000;86.1220000;86.1220000;12
EURRUB;60;110820;20000;86.3370000;86.3610000;86.0570000;86.3610000;12
EURRUB;60;110820;30000;86.1860000;86.1920000;86.1670000;86.1670000;12
EURRUB;60;110820;40000;86.3200000;86.3200000;86.0330000;86.2340000;12
EURRUB;60;110820;50000;86.0430000;86.2830000;85.9965000;86.0662000;2093
EURRUB;60;110820;60000;86.0662000;86.2255000;86.0185000;86.0735000;4286
EURRUB;60;110820;70000;86.0713000;86.3830000;86.0126000;86.2237000;1543
EURRUB;60;110820;80000;86.2230000;86.4000000;86.0870000;86.0870000;1651
EURRUB;60;110820;90000;86.3400000;86.3400000;85.9100000;86.0777000;2443
EURRUB;60;110820;100000;86.0624000;86.3320000;85.8984000;86.2439000;10000
EURRUB;60;110820;110000;86.2437000;86.2899000;85.7426000;85.8794000;35910
EURRUB;60;110820;120000;85.8787000;85.9498000;85.6120000;85.7493000;33009
EURRUB;60;110820;130000;85.7688000;85.9473000;85.6120000;85.8533000;28831
EURRUB;60;110820;140000;85.8573000;85.9461000;85.7532000;85.8693000;26258
EURRUB;60;110820;150000;85.8689000;85.9537000;85.7140000;85.7842000;27087
EURRUB;60;110820;160000;85.7842000;85.9894000;85.5440000;85.9761000;29525
EURRUB;60;110820;170000;85.9766000;86.1378000;85.7140000;86.0810000;36584
EURRUB;60;110820;180000;86.0808000;86.1313000;85.7820000;85.8830000;32986
EURRUB;60;110820;190000;85.8847000;86.0040000;85.7987000;85.9750000;25574
EURRUB;60;110820;200000;85.9468000;85.9760000;85.7480000;85.8159000;15368
EURRUB;60;110820;210000;85.8159000;85.8440000;85.5440000;85.6702000;14180
EURRUB;60;110820;220000;85.6702000;85.8079000;85.5100000;85.6921000;15728
EURRUB;60;110820;230000;85.6922000;85.9347000;85.5780000;85.8414000;19855
EURRUB;60;120820;0;85.8416000;85.9090000;85.6515000;85.7091000;10246
EURRUB;60;120820;10000;85.6810000;85.8380000;85.6538000;85.7739000;41
EURRUB;60;120820;20000;85.7445000;85.8500000;85.6638000;85.6805000;1075
EURRUB;60;120820;30000;85.6812000;85.8480000;85.5873000;85.6748000;1254
EURRUB;60;120820;40000;85.6697000;85.9539000;85.5840000;85.9380000;4400
EURRUB;60;120820;50000;85.9670000;86.0120000;85.7357000;85.7885000;5446
EURRUB;60;120820;60000;85.7892000;85.9696000;85.6862000;85.7796000;8624
EURRUB;60;120820;70000;86.5070000;86.5070000;85.7180000;85.8820000;1241
EURRUB;60;120820;80000;86.3770000;86.3770000;85.9210000;85.9210000;12
EURRUB;60;120820;90000;85.9040000;86.1510000;85.8120000;85.9274000;436
EURRUB;60;120820;100000;85.9157000;86.0930000;85.7138000;85.7598000;8523
EURRUB;60;120820;110000;85.7598000;86.0283000;85.6456000;85.9488000;35079
EURRUB;60;120820;120000;85.9479000;86.1406000;85.8791000;86.0090000;29042
EURRUB;60;120820;130000;86.0382000;86.1122000;85.8840000;85.9662000;24166
EURRUB;60;120820;140000;85.9663000;86.1340000;85.8160000;86.1318000;22695
EURRUB;60;120820;150000;86.1318000;86.2317000;85.9860000;86.1546000;25582
EURRUB;60;120820;160000;86.1578000;86.3950000;86.1142000;86.3738000;30844
EURRUB;60;120820;170000;86.3738000;87.0478000;86.2580000;86.8602000;37161
EURRUB;60;120820;180000;86.8595000;87.0184000;86.6320000;86.8823000;31767
EURRUB;60;120820;190000;86.8793000;86.8852000;86.6296000;86.8277000;24386
EURRUB;60;120820;200000;86.8277000;86.8823000;86.5980000;86.8402000;13879
EURRUB;60;120820;210000;86.8408000;86.8588000;86.6320000;86.7886000;12075
EURRUB;60;120820;220000;86.7886000;86.7958000;86.6504000;86.6903000;11427
EURRUB;60;120820;230000;86.6889000;86.8202000;86.6370000;86.7730000;10936
EURRUB;60;130820;0;86.7708000;86.8794000;86.6730000;86.8180000;4528
EURRUB;60;130820;10000;86.9490000;87.0320000;86.7970000;86.8484000;27
EURRUB;60;130820;20000;86.8483000;87.0300000;86.7415000;86.7822000;520
EURRUB;60;130820;30000;86.7818000;87.0560000;86.7667000;86.8290000;1181
EURRUB;60;130820;40000;86.8270000;87.1920000;86.7565000;86.7704000;2874
EURRUB;60;130820;50000;86.7697000;87.1050000;86.7442000;86.8480000;3743
EURRUB;60;130820;60000;86.8500000;86.8500000;86.7110000;86.7620000;21
EURRUB;60;130820;70000;86.7600000;86.8380000;86.7440000;86.7440000;12
EURRUB;60;130820;80000;86.7270000;86.7480000;86.6930000;86.6930000;12
EURRUB;60;130820;90000;86.6880000;86.9460000;86.5350000;86.5689000;1741
EURRUB;60;130820;100000;86.5684000;86.9073000;86.5230000;86.8136000;9612
EURRUB;60;130820;110000;86.8156000;87.2323000;86.7000000;87.1732000;32642
EURRUB;60;130820;120000;87.1735000;87.1960000;86.9040000;87.0125000;27920
EURRUB;60;130820;130000;87.0126000;87.0240000;86.7340000;86.8781000;23355
EURRUB;60;130820;140000;86.9282000;87.0448000;86.7340000;86.9216000;25196
EURRUB;60;130820;150000;86.9198000;87.1492000;86.8360000;87.1485000;24695
EURRUB;60;130820;160000;87.1500000;87.2330000;86.9720000;87.1799000;28243
EURRUB;60;130820;170000;87.1799000;87.1870000;86.8700000;87.0127000;33075
EURRUB;60;130820;180000;87.0125000;87.0360000;86.4242000;86.4743000;32757
EURRUB;60;130820;190000;86.4708000;86.5657000;86.2473000;86.2870000;25224
EURRUB;60;130820;200000;86.2873000;86.3772000;86.0540000;86.2084000;13273
EURRUB;60;130820;210000;86.2085000;86.3301000;86.0200000;86.1789000;14242
EURRUB;60;130820;220000;86.1796000;86.2498000;86.0200000;86.2097000;17381
EURRUB;60;130820;230000;86.2102000;86.2760000;86.0200000;86.2563000;11854
EURRUB;60;140820;0;86.2585000;86.2660000;85.9561000;86.0407000;6032
EURRUB;60;140820;10000;85.9360000;86.2410000;85.9360000;86.0950000;69
EURRUB;60;140820;20000;86.0779000;86.1340000;85.9580000;86.0301000;1023
EURRUB;60;140820;30000;86.0321000;86.2070000;85.9860000;86.1990000;1392
EURRUB;60;140820;40000;86.1560000;86.1940000;86.0020000;86.0020000;12
EURRUB;60;140820;50000;86.1310000;86.1860000;85.9658000;86.0360000;182
EURRUB;60;140820;60000;86.2040000;86.2480000;86.0190000;86.1760000;12
EURRUB;60;140820;70000;86.0370000;86.1800000;86.0200000;86.1410000;12
EURRUB;60;140820;80000;86.0140000;86.2710000;86.0140000;86.2300000;17
EURRUB;60;140820;90000;86.1000000;86.2660000;86.0400000;86.2383000;2649
EURRUB;60;140820;100000;86.2383000;86.2520000;86.0654000;86.1169000;8748
EURRUB;60;140820;110000;86.1169000;86.5334000;86.0732000;86.4648000;34406
EURRUB;60;140820;120000;86.4655000;86.7596000;86.2920000;86.7124000;28500
EURRUB;60;140820;130000;86.7071000;86.8020000;86.2580000;86.4988000;26792
EURRUB;60;140820;140000;86.4989000;86.7552000;86.4280000;86.6697000;21913
EURRUB;60;140820;150000;86.6711000;86.7268000;86.4711000;86.5118000;19629
EURRUB;60;140820;160000;86.5152000;86.5960000;86.3600000;86.5112000;23045
EURRUB;60;140820;170000;86.5108000;86.5521000;86.2580000;86.3237000;28031
EURRUB;60;140820;180000;86.3622000;86.4121000;86.1685000;86.2217000;28183
EURRUB;60;140820;190000;86.2220000;86.2483000;86.0753000;86.1302000;17029
EURRUB;60;140820;200000;86.1295000;86.3081000;86.0540000;86.2920000;14365
EURRUB;60;140820;210000;86.2920000;86.3389000;86.1485000;86.3388000;10875
EURRUB;60;140820;220000;86.3388000;86.3620000;86.1220000;86.2616000;8984
EURRUB;60;140820;230000;86.2617000;86.3081000;86.1754000;86.2244000;7132
EURRUB;60;150820;0;86.2251000;86.3198000;85.9206000;86.1677000;5017
EURRUB;60;150820;10000;86.2820000;86.2820000;86.2820000;86.2820000;6
EURRUB;60;160820;230000;86.2780000;86.2890000;86.2780000;86.2890000;6
EURRUB;60;170820;0;86.2760000;86.2940000;86.2760000;86.2940000;5
EURRUB;60;170820;10000;86.2465000;86.5940000;86.0987000;86.2908000;39
EURRUB;60;170820;20000;86.2981000;86.4470000;86.2050000;86.2050000;16
EURRUB;60;170820;30000;86.4110000;86.4800000;86.2530000;86.4800000;12
EURRUB;60;170820;40000;86.4850000;86.4850000;86.2120000;86.2210000;12
EURRUB;60;170820;50000;86.4670000;86.4670000;86.2230000;86.4330000;12
EURRUB;60;170820;60000;86.2500000;86.6260000;86.2465000;86.4297000;165
EURRUB;60;170820;70000;86.4297000;86.5930000;86.3410000;86.5400000;249
EURRUB;60;170820;80000;86.6050000;86.6410000;86.4170000;86.5100000;1045
EURRUB;60;170820;90000;86.5107000;86.6460000;86.4404000;86.5212000;3458
EURRUB;60;170820;100000;86.5234000;86.6815000;86.4823000;86.5459000;5851
EURRUB;60;170820;110000;86.5459000;86.6577000;86.1804000;86.4418000;30306
EURRUB;60;170820;120000;86.4419000;86.7455000;86.3834000;86.7067000;23686
EURRUB;60;170820;130000;86.7111000;87.0139000;86.6305000;86.9913000;16021
EURRUB;60;170820;140000;86.9913000;87.2583000;86.9105000;87.2497000;17266
EURRUB;60;170820;150000;87.2504000;87.4154000;87.1176000;87.2098000;19058
EURRUB;60;170820;160000;87.2098000;87.3264000;87.0779000;87.2894000;17193
EURRUB;60;170820;170000;87.2901000;87.2938000;86.9709000;87.1282000;21424
EURRUB;60;170820;180000;87.1181000;87.4230000;87.0099000;87.3055000;20692
EURRUB;60;170820;190000;87.3007000;87.3073000;87.0870000;87.1832000;14448
EURRUB;60;170820;200000;87.1846000;87.2383000;87.0031000;87.1151000;9805
EURRUB;60;170820;210000;87.1142000;87.1857000;87.0447000;87.1119000;6435
EURRUB;60;170820;220000;87.1119000;87.2892000;87.0373000;87.2809000;8466
EURRUB;60;170820;230000;87.2801000;87.5393000;87.1908000;87.4452000;11251
EURRUB;60;180820;0;87.4452000;87.5034000;87.3425000;87.3438000;4648
EURRUB;60;180820;10000;87.3020000;87.4980000;87.2164000;87.3232000;109
EURRUB;60;180820;20000;87.2817000;87.4980000;87.2817000;87.3150000;19
EURRUB;60;180820;30000;87.3150000;87.4360000;87.1580000;87.3566000;104
EURRUB;60;180820;40000;87.3559000;87.5480000;87.2080000;87.3292000;873
EURRUB;60;180820;50000;87.3319000;87.4780000;87.2780000;87.3960000;2637
EURRUB;60;180820;60000;87.3942000;87.4830000;87.3745000;87.3969000;4144
EURRUB;60;180820;70000;87.4010000;87.4770000;87.3670000;87.3692000;2909
EURRUB;60;180820;80000;87.3699000;87.4870000;87.3699000;87.4003000;1212
EURRUB;60;180820;90000;87.3575000;87.5040000;87.3028000;87.4137000;2141
EURRUB;60;180820;100000;87.4197000;87.6460000;87.2685000;87.3604000;7072
EURRUB;60;180820;110000;87.3600000;87.6126000;87.1940000;87.2735000;31097
EURRUB;60;180820;120000;87.2712000;87.2972000;86.9822000;87.1257000;24497
EURRUB;60;180820;130000;87.1257000;87.1604000;86.9231000;87.0621000;17987
EURRUB;60;180820;140000;87.0644000;87.0716000;86.7405000;86.8141000;14701
EURRUB;60;180820;150000;86.8141000;87.1930000;86.7389000;87.1718000;15546
EURRUB;60;180820;160000;87.1751000;87.3073000;86.9562000;87.2872000;21565
EURRUB;60;180820;170000;87.2923000;87.5026000;87.1977000;87.3558000;25559
EURRUB;60;180820;180000;87.3558000;87.4506000;87.1611000;87.1881000;26995
EURRUB;60;180820;190000;87.1885000;87.4186000;87.0837000;87.3643000;13152
EURRUB;60;180820;200000;87.3639000;87.6008000;87.2927000;87.5575000;12841
EURRUB;60;180820;210000;87.5582000;87.5680000;87.2978000;87.3574000;9107
EURRUB;60;180820;220000;87.3568000;87.3813000;87.2118000;87.3629000;7482
EURRUB;60;180820;230000;87.3623000;87.3810000;87.1764000;87.2958000;6170
EURRUB;60;190820;0;87.2958000;87.3744000;87.1418000;87.2510000;2977
EURRUB;60;190820;10000;86.9510000;87.2610000;86.9510000;87.1235000;27
EURRUB;60;190820;20000;87.1454000;87.2640000;87.0450000;87.2640000;16
EURRUB;60;190820;30000;87.2750000;87.3120000;87.1300000;87.1430000;12
EURRUB;60;190820;40000;87.1860000;87.3150000;86.9310000;87.3150000;12
EURRUB;60;190820;50000;87.2300000;87.2510000;86.9820000;86.9820000;12
EURRUB;60;190820;60000;87.0640000;87.3050000;87.0640000;87.1940000;15
EURRUB;60;190820;70000;87.1931000;87.3730000;87.1565000;87.1637000;1443
EURRUB;60;190820;80000;87.1735000;87.2860000;87.1615000;87.1777000;127
EURRUB;60;190820;90000;87.2930000;87.3430000;87.1337000;87.2810000;2596
EURRUB;60;190820;100000;87.2339000;87.3360000;87.1102000;87.2092000;5905
EURRUB;60;190820;110000;87.2102000;87.4698000;87.1575000;87.3092000;25975
EURRUB;60;190820;120000;87.3529000;87.5416000;87.2996000;87.4896000;19151
EURRUB;60;190820;130000;87.4962000;87.5681000;87.3767000;87.5617000;15145
EURRUB;60;190820;140000;87.5651000;87.8022000;87.5093000;87.5979000;15699
EURRUB;60;190820;150000;87.5979000;87.7251000;87.5223000;87.5853000;15602
EURRUB;60;190820;160000;87.5853000;87.6502000;87.4634000;87.5201000;16111
EURRUB;60;190820;170000;87.5208000;87.5817000;87.3162000;87.4222000;18012
EURRUB;60;190820;180000;87.4222000;87.4411000;86.8846000;86.9279000;21186
EURRUB;60;190820;190000;86.9276000;87.1240000;86.8539000;86.9807000;13694
EURRUB;60;190820;200000;86.9807000;86.9830000;86.7711000;86.8871000;11192
EURRUB;60;190820;210000;86.8871000;86.9490000;86.7946000;86.8177000;7807
EURRUB;60;190820;220000;86.7453000;86.9335000;86.6365000;86.7935000;21530
EURRUB;60;190820;230000;86.7933000;86.8799000;86.7233000;86.8041000;13905
EURRUB;60;200820;0;86.8058000;86.8220000;86.4530000;86.6741000;3419
EURRUB;60;200820;10000;86.3150000;86.7950000;86.3150000;86.6674000;56
EURRUB;60;200820;20000;86.6674000;86.8422000;86.6070000;86.7137000;119
EURRUB;60;200820;30000;86.7390000;86.8050000;86.6640000;86.6640000;12
EURRUB;60;200820;40000;86.7070000;86.8340000;86.6320000;86.8030000;34
EURRUB;60;200820;50000;86.6770000;86.8430000;86.6111000;86.7000000;178
EURRUB;60;200820;60000;86.7034000;86.8630000;86.6727000;86.8285000;1463
EURRUB;60;200820;70000;86.7476000;86.9560000;86.7308000;86.7732000;3753
EURRUB;60;200820;80000;86.7725000;86.8519000;86.5855000;86.7151000;1108
EURRUB;60;200820;90000;86.7151000;86.8070000;86.5863000;86.7649000;2481
EURRUB;60;200820;100000;86.7642000;86.9363000;86.6923000;86.8529000;9142
EURRUB;60;200820;110000;86.8330000;87.7054000;86.8206000;87.4545000;27039
EURRUB;60;200820;120000;87.4545000;87.6092000;87.2249000;87.4721000;26364
EURRUB;60;200820;130000;87.4692000;87.5701000;87.3570000;87.4666000;19597
EURRUB;60;200820;140000;87.4666000;87.5498000;87.1803000;87.3306000;16860
EURRUB;60;200820;150000;87.3302000;87.5530000;87.2433000;87.5417000;15016
EURRUB;60;200820;160000;87.5417000;87.6383000;87.3350000;87.4079000;20272
EURRUB;60;200820;170000;87.4116000;87.4791000;87.1592000;87.4431000;26954
EURRUB;60;200820;180000;87.4432000;87.6719000;87.3541000;87.6453000;25680
EURRUB;60;200820;190000;87.6435000;87.8549000;87.5995000;87.6749000;17354
EURRUB;60;200820;200000;87.6751000;87.7190000;87.5183000;87.6487000;13093
EURRUB;60;200820;210000;87.6480000;87.6493000;87.4814000;87.5610000;8437
EURRUB;60;200820;220000;87.5610000;87.5770000;87.3761000;87.4632000;10333
EURRUB;60;200820;230000;87.4596000;87.4984000;87.3408000;87.4824000;9431
EURRUB;60;210820;0;87.4832000;87.5390000;87.4278000;87.5041000;4676
EURRUB;60;210820;10000;87.3760000;87.7150000;87.3760000;87.4610000;15
EURRUB;60;210820;20000;87.4660000;87.6420000;87.4250000;87.5260000;13
EURRUB;60;210820;30000;87.5240000;87.6920000;87.5240000;87.6920000;12
EURRUB;60;210820;40000;87.7100000;87.7756000;87.5800000;87.6757000;866
EURRUB;60;210820;50000;87.5890000;87.7110000;87.5559000;87.5630000;89
EURRUB;60;210820;60000;87.5622000;87.7350000;87.5326000;87.6090000;40
EURRUB;60;210820;70000;87.7660000;87.7670000;87.6110000;87.7330000;12
EURRUB;60;210820;80000;87.6360000;87.7810000;87.6322000;87.6400000;26
EURRUB;60;210820;90000;87.7860000;87.8140000;87.5680000;87.6447000;912
EURRUB;60;210820;100000;87.5270000;87.6750000;87.4895000;87.5757000;6324
EURRUB;60;210820;110000;87.5762000;87.8378000;87.3496000;87.7047000;27935
EURRUB;60;210820;120000;87.7047000;87.9166000;87.6016000;87.7016000;28064
EURRUB;60;210820;130000;87.7017000;87.8063000;87.6254000;87.7613000;18451
EURRUB;60;210820;140000;87.7613000;87.9416000;87.6806000;87.8574000;20292
EURRUB;60;210820;150000;87.8641000;87.8922000;87.6198000;87.8223000;21459
EURRUB;60;210820;160000;87.8193000;88.0600000;87.6161000;88.0469000;23338
EURRUB;60;210820;170000;88.0477000;88.2826000;87.9876000;88.1426000;27885
EURRUB;60;210820;180000;88.1340000;88.1903000;87.9042000;88.0366000;24220
EURRUB;60;210820;190000;88.0359000;88.2086000;87.8643000;87.9137000;15504
EURRUB;60;210820;200000;87.9129000;88.1222000;87.8639000;88.1074000;10410
EURRUB;60;210820;210000;88.1072000;88.2090000;87.9924000;88.1216000;9923
EURRUB;60;210820;220000;88.0730000;88.1954000;87.9893000;88.1816000;6641
EURRUB;60;210820;230000;88.1816000;88.1883000;88.0234000;88.1075000;7091
EURRUB;60;220820;0;88.1056000;88.2440000;88.0548000;88.1235000;4094
EURRUB;60;220820;10000;88.1970000;88.1970000;88.1970000;88.1970000;6
EURRUB;60;230820;230000;88.2610000;88.2610000;88.2160000;88.2350000;7
EURRUB;60;240820;0;88.2250000;88.2250000;88.1690000;88.1690000;9
EURRUB;60;240820;10000;88.1240000;88.2350000;87.9765000;88.0165000;65
EURRUB;60;240820;20000;88.0255000;88.1940000;87.7322000;88.0195000;1889
EURRUB;60;240820;30000;88.1029000;88.2020000;87.9953000;88.0754000;2155
EURRUB;60;240820;40000;88.0778000;88.3840000;88.0167000;88.0810000;228
EURRUB;60;240820;50000;88.0900000;88.4390000;88.0900000;88.4190000;12
EURRUB;60;240820;60000;88.4210000;88.4210000;88.0512000;88.3490000;178
EURRUB;60;240820;70000;88.0640000;88.3220000;88.0550000;88.1790000;12
EURRUB;60;240820;80000;88.1430000;88.1650000;87.9744000;88.0442000;1120
EURRUB;60;240820;90000;88.0442000;88.1530000;87.9744000;88.1125000;2701
EURRUB;60;240820;100000;88.1110000;88.1400000;87.8174000;87.9229000;6420
EURRUB;60;240820;110000;87.9236000;88.0788000;87.6643000;87.8411000;30615
EURRUB;60;240820;120000;87.8411000;88.0360000;87.6180000;87.7823000;28723
EURRUB;60;240820;130000;87.8312000;87.8944000;87.6860000;87.8228000;22703
EURRUB;60;240820;140000;87.8228000;87.9372000;87.7088000;87.8578000;19575
EURRUB;60;240820;150000;87.8606000;88.0088000;87.7700000;88.0029000;19743
EURRUB;60;240820;160000;88.0031000;88.0279000;87.7540000;87.9123000;20603
EURRUB;60;240820;170000;87.9138000;88.1102000;87.8220000;88.0546000;29129
EURRUB;60;240820;180000;88.0553000;88.0972000;87.8900000;87.9744000;30358
EURRUB;60;240820;190000;87.9730000;87.9940000;87.7832000;87.9094000;20573
EURRUB;60;240820;200000;87.9094000;88.0556000;87.8220000;87.9927000;14884
EURRUB;60;240820;210000;87.9927000;88.0279000;87.8578000;87.9707000;10614
EURRUB;60;240820;220000;87.9707000;87.9910000;87.8156000;87.9396000;11035
EURRUB;60;240820;230000;87.9396000;88.0187000;87.7880000;87.9762000;9377
EURRUB;60;250820;0;87.9702000;87.9820000;87.7597000;87.8055000;4744
EURRUB;60;250820;10000;87.7960000;88.0600000;87.7700000;87.8696000;45
EURRUB;60;250820;20000;87.8733000;88.0230000;87.7130000;87.7520000;18
EURRUB;60;250820;30000;87.9610000;88.0320000;87.6980000;87.7170000;12
EURRUB;60;250820;40000;87.7570000;88.0360000;87.7570000;88.0360000;12
EURRUB;60;250820;50000;88.0490000;88.0920000;87.7580000;88.0920000;12
EURRUB;60;250820;60000;87.8810000;88.0880000;87.8470000;87.8710000;12
EURRUB;60;250820;70000;87.8780000;88.0670000;87.8580000;87.8960000;12
EURRUB;60;250820;80000;87.9060000;88.1600000;87.8226000;88.0360000;396
EURRUB;60;250820;90000;87.9050000;88.0220000;87.7622000;87.8682000;696
EURRUB;60;250820;100000;88.0700000;88.0930000;87.7400000;87.9190000;5933
EURRUB;60;250820;110000;87.9217000;88.0923000;87.7200000;88.0873000;29196
EURRUB;60;250820;120000;88.0538000;88.4659000;88.0538000;88.4129000;32055
EURRUB;60;250820;130000;88.4148000;88.5059000;88.2640000;88.4024000;24031
EURRUB;60;250820;140000;88.4063000;88.4915000;88.1960000;88.3781000;25115
EURRUB;60;250820;150000;88.3781000;88.4853000;88.2308000;88.3430000;22715
EURRUB;60;250820;160000;88.3430000;88.4515000;88.1960000;88.3750000;24066
EURRUB;60;250820;170000;88.3773000;88.7964000;88.2640000;88.6821000;33095
EURRUB;60;250820;180000;88.7182000;88.9255000;88.5700000;88.7830000;32841
EURRUB;60;250820;190000;88.7830000;89.1646000;88.6380000;89.0794000;24423
EURRUB;60;250820;200000;89.0794000;89.4173000;89.0248000;89.1536000;21807
EURRUB;60;250820;210000;89.1540000;89.2310000;88.9950000;89.0644000;13381
EURRUB;60;250820;220000;89.0644000;89.1561000;88.9236000;89.0116000;13924
EURRUB;60;250820;230000;89.0116000;89.1830000;88.9473000;89.0762000;11112
EURRUB;60;260820;0;89.0749000;89.1790000;88.8881000;88.8903000;5640
EURRUB;60;260820;10000;89.0080000;89.1190000;88.9040000;89.0381000;18
EURRUB;60;260820;20000;89.0431000;89.1700000;88.9947000;89.0411000;125
EURRUB;60;260820;30000;89.0365000;89.1510000;89.0246000;89.0368000;126
EURRUB;60;260820;40000;89.0375000;89.1810000;89.0033000;89.0156000;2043
EURRUB;60;260820;50000;89.0156000;89.1840000;89.0083000;89.0461000;4392
EURRUB;60;260820;60000;89.0462000;89.1160000;88.9336000;88.9490000;3794
EURRUB;60;260820;70000;88.9488000;89.0880000;88.9026000;88.9396000;3045
EURRUB;60;260820;80000;88.9398000;89.0880000;88.8202000;88.9164000;2614
EURRUB;60;260820;90000;88.9558000;89.0310000;88.8632000;88.9320000;1561
EURRUB;60;260820;100000;88.9283000;89.1071000;88.8767000;89.0760000;5295
EURRUB;60;260820;110000;89.0793000;89.2716000;88.9342000;89.2163000;37666
EURRUB;60;260820;120000;89.2174000;89.4351000;89.1140000;89.2449000;29640
EURRUB;60;260820;130000;89.2454000;89.6328000;89.1099000;89.5689000;25359
EURRUB;60;260820;140000;89.5689000;89.7887000;89.4540000;89.5179000;24492
EURRUB;60;260820;150000;89.5178000;89.5190000;89.1820000;89.3206000;21397
EURRUB;60;260820;160000;89.3202000;89.3996000;89.1480000;89.3919000;22581
EURRUB;60;260820;170000;89.3877000;89.7233000;89.2500000;89.5895000;30191
EURRUB;60;260820;180000;89.5895000;89.6460000;89.1806000;89.3302000;29387
EURRUB;60;260820;190000;89.3302000;89.3855000;89.0460000;89.3031000;22769
EURRUB;60;260820;200000;89.3032000;89.5713000;89.2260000;89.4916000;17284
EURRUB;60;260820;210000;89.4916000;89.4916000;89.1821000;89.2736000;13879
EURRUB;60;260820;220000;89.2736000;89.2910000;89.1542000;89.2489000;11670
EURRUB;60;260820;230000;89.2497000;89.3246000;89.0800000;89.3015000;10323
EURRUB;60;270820;0;89.2978000;89.3120000;89.1055000;89.1634000;6000
EURRUB;60;270820;10000;89.4130000;89.5080000;89.1660000;89.4490000;28
EURRUB;60;270820;20000;89.3950000;89.5240000;89.1520000;89.5240000;15
EURRUB;60;270820;30000;89.4870000;89.5130000;89.2130000;89.2480000;12
EURRUB;60;270820;40000;89.5070000;89.5140000;89.2670000;89.4920000;12
EURRUB;60;270820;50000;89.5130000;89.5130000;89.1980000;89.1980000;12
EURRUB;60;270820;60000;89.2100000;89.4090000;89.1810000;89.1810000;12
EURRUB;60;270820;70000;89.1820000;89.4350000;89.1820000;89.2280000;12
EURRUB;60;270820;80000;89.2290000;89.4610000;89.1658000;89.1673000;621
EURRUB;60;270820;90000;89.2086000;89.2820000;89.1045000;89.1877000;3486
EURRUB;60;270820;100000;89.1882000;89.3290000;89.1140000;89.2459000;5980
EURRUB;60;270820;110000;89.2459000;89.3320000;88.7060000;88.8652000;32047
EURRUB;60;270820;120000;88.8652000;88.9947000;88.6935000;88.7520000;27950
EURRUB;60;270820;130000;88.7520000;88.8986000;88.6040000;88.7790000;23812
EURRUB;60;270820;140000;88.7785000;88.9887000;88.7144000;88.9537000;24575
EURRUB;60;270820;150000;88.9537000;89.0328000;88.5020000;88.7342000;27878
EURRUB;60;270820;160000;88.7337000;88.7576000;88.4579000;88.7089000;28783
EURRUB;60;270820;170000;88.7089000;89.0466000;88.1960000;88.4224000;16387
EURRUB;60;270820;180000;88.3925000;88.6775000;88.1960000;88.4675000;15897
EURRUB;60;270820;190000;88.4675000;88.7520000;88.3320000;88.6675000;13709
EURRUB;60;270820;200000;88.6675000;88.7940000;88.4340000;88.5900000;11474
EURRUB;60;270820;210000;88.4680000;88.7810000;88.4340000;88.7000000;8884
EURRUB;60;270820;220000;88.7000000;88.7575000;88.4680000;88.6200000;7669
EURRUB;60;270820;230000;88.5020000;88.6860000;88.2980000;88.5550000;5961
EURRUB;60;280820;0;88.5550000;88.6100000;88.3320000;88.5410000;2637
EURRUB;60;280820;10000;88.5840000;88.6750000;88.2570000;88.5430000;19
EURRUB;60;280820;20000;88.5280000;88.6530000;88.2910000;88.6280000;20
EURRUB;60;280820;30000;88.6130000;88.6670000;88.6110000;88.6540000;12
EURRUB;60;280820;40000;88.6510000;88.6510000;88.5580000;88.6280000;12
EURRUB;60;280820;50000;88.6050000;88.7120000;88.6050000;88.7120000;12
EURRUB;60;280820;60000;88.7370000;88.8280000;88.6940000;88.8280000;12
EURRUB;60;280820;70000;88.8300000;88.9000000;88.5520000;88.7060000;12
EURRUB;60;280820;80000;89.1520000;89.1520000;88.6640000;88.7180000;12
EURRUB;60;280820;90000;88.8790000;88.8790000;88.5162000;88.6015000;7389
EURRUB;60;280820;100000;88.5221000;88.6210000;88.2640000;88.3721000;13668
EURRUB;60;280820;110000;88.4194000;88.8906000;88.4028000;88.8466000;37689
EURRUB;60;280820;120000;88.8470000;88.8668000;88.5167000;88.5948000;32053
EURRUB;60;280820;130000;88.5948000;88.6768000;88.3660000;88.5155000;27222
EURRUB;60;280820;140000;88.5148000;88.6822000;88.3315000;88.3889000;24058
EURRUB;60;280820;150000;88.3889000;88.5853000;88.3099000;88.5475000;25798
EURRUB;60;280820;160000;88.5477000;88.7139000;88.3998000;88.5098000;26389
EURRUB;60;280820;170000;88.5098000;88.5283000;88.2640000;88.2973000;31419
EURRUB;60;280820;180000;88.3010000;88.4827000;88.1280000;88.4024000;34786
EURRUB;60;280820;190000;88.4024000;88.4133000;88.0733000;88.1684000;23441
EURRUB;60;280820;200000;88.1684000;88.2090000;87.8900000;88.0555000;14970
EURRUB;60;280820;210000;88.0438000;88.1290000;87.9127000;88.0054000;15882
EURRUB;60;280820;220000;88.0053000;88.0532000;87.9203000;88.0233000;11359
EURRUB;60;280820;230000;88.0233000;88.0977000;87.9360000;88.0872000;9536
EURRUB;60;290820;0;88.0872000;88.1308000;88.0157000;88.0908000;7336
EURRUB;60;290820;10000;88.1730000;88.1730000;88.1680000;88.1680000;6
EURRUB;60;290820;20000;88.0890000;88.0890000;88.0890000;88.0890000;4
EURRUB;60;300820;230000;88.1600000;88.1600000;88.1150000;88.1150000;6
EURRUB;60;310820;0;88.0910000;88.0910000;88.0910000;88.0910000;2
EURRUB;60;310820;10000;88.0169000;88.4650000;88.0169000;88.2570000;57
EURRUB;60;310820;20000;88.1654000;88.8730000;88.1230000;88.2790000;22
EURRUB;60;310820;30000;88.0850000;88.3690000;88.0850000;88.1965000;486
EURRUB;60;310820;40000;88.1972000;88.3280000;88.0452000;88.1884000;7172
EURRUB;60;310820;50000;88.2158000;88.3390000;88.1485000;88.2760000;4529
EURRUB;60;310820;60000;88.2767000;88.4290000;88.2183000;88.3703000;3996
EURRUB;60;310820;70000;88.3703000;88.4000000;88.1797000;88.2019000;3613
EURRUB;60;310820;80000;88.2017000;88.3690000;87.9944000;88.1209000;3351
EURRUB;60;310820;90000;88.1213000;88.2270000;88.0444000;88.1192000;4336
EURRUB;60;310820;100000;88.1192000;88.2929000;88.0584000;88.1893000;6620
EURRUB;60;310820;110000;88.2192000;88.2658000;87.5336000;87.6689000;21094
EURRUB;60;310820;120000;87.6066000;87.8767000;87.5693000;87.8685000;16696
EURRUB;60;310820;130000;87.8693000;88.0323000;87.7955000;87.9044000;16293
EURRUB;60;310820;140000;87.9044000;88.0365000;87.8276000;88.0109000;12630
EURRUB;60;310820;150000;88.0106000;88.3315000;87.9636000;88.2452000;16463
EURRUB;60;310820;160000;88.1902000;88.3860000;88.1747000;88.3311000;16029
EURRUB;60;310820;170000;88.3306000;88.5405000;88.2424000;88.5096000;22653
EURRUB;60;310820;180000;88.5107000;88.6843000;88.4780000;88.5459000;24577
EURRUB;60;310820;190000;88.5444000;89.0241000;88.4930000;88.8822000;20854
EURRUB;60;310820;200000;88.8842000;89.0151000;88.6390000;88.7455000;12847
EURRUB;60;310820;210000;88.7455000;88.7820000;88.4726000;88.6146000;8342
EURRUB;60;310820;220000;88.6146000;88.6158000;88.2749000;88.3508000;8316
EURRUB;60;310820;230000;88.3537000;88.3773000;88.1627000;88.3598000;11546
EURRUB;60;10920;0;88.3592000;88.4343000;88.2185000;88.2850000;4626
EURRUB;60;10920;10000;88.2990000;88.3120000;88.0940000;88.2420000;24
EURRUB;60;10920;20000;88.2034000;88.2034000;87.8915000;88.0900000;16
EURRUB;60;10920;30000;88.0960000;88.1940000;88.0920000;88.1650000;12
EURRUB;60;10920;40000;87.8950000;88.2640000;87.8950000;88.2030000;12
EURRUB;60;10920;50000;88.2330000;88.4260000;88.0180000;88.3400000;12
EURRUB;60;10920;60000;88.3440000;88.6510000;88.1400000;88.2560000;220
EURRUB;60;10920;70000;88.4720000;88.5250000;88.4720000;88.4850000;12
EURRUB;60;10920;80000;88.1480000;88.5110000;88.1480000;88.4070000;13
EURRUB;60;10920;90000;88.3572000;88.6190000;88.1210000;88.2043000;5183
EURRUB;60;10920;100000;88.2005000;88.3061000;88.0726000;88.1420000;13749
EURRUB;60;10920;110000;88.1412000;88.3009000;87.9915000;88.1401000;28119
EURRUB;60;10920;120000;88.1056000;88.1820000;87.9115000;88.0876000;25975
EURRUB;60;10920;130000;88.1083000;88.3361000;87.9548000;88.3214000;18924
EURRUB;60;10920;140000;88.3196000;88.3330000;88.0226000;88.1227000;16557
EURRUB;60;10920;150000;88.1227000;88.2334000;88.0018000;88.1926000;19007
EURRUB;60;10920;160000;88.1952000;88.2002000;88.0085000;88.1052000;16017
EURRUB;60;10920;170000;88.1050000;88.2827000;87.9244000;88.0034000;26683
EURRUB;60;10920;180000;88.0273000;88.0379000;87.5917000;87.7796000;23561
EURRUB;60;10920;190000;87.7782000;87.8955000;87.6889000;87.8819000;14620
EURRUB;60;10920;200000;87.8827000;87.9213000;87.6915000;87.8886000;8846
EURRUB;60;10920;210000;87.8886000;87.9118000;87.6811000;87.7259000;13626
EURRUB;60;10920;220000;87.7259000;87.8150000;87.6498000;87.7356000;13056
EURRUB;60;10920;230000;87.7359000;87.8169000;87.6486000;87.8169000;8022
EURRUB;60;20920;0;87.8176000;87.8251000;87.4400000;87.4400000;4873
EURRUB;60;20920;10000;87.7720000;87.8430000;87.5240000;87.5240000;21
EURRUB;60;20920;20000;87.6775000;87.8630000;87.5360000;87.5390000;16
EURRUB;60;20920;30000;87.8020000;87.8020000;87.5300000;87.6040000;12
EURRUB;60;20920;40000;87.5600000;87.7010000;87.4730000;87.5060000;12
EURRUB;60;20920;50000;87.3900000;87.6380000;87.2848000;87.4603000;7983
EURRUB;60;20920;60000;87.4618000;87.7230000;87.4397000;87.4986000;302
EURRUB;60;20920;70000;87.5531000;87.6250000;87.4445000;87.5810000;699
EURRUB;60;20920;80000;87.4508000;87.7200000;87.4310000;87.5190000;251
EURRUB;60;20920;90000;87.6760000;87.7400000;87.4986000;87.6342000;1258
EURRUB;60;20920;100000;87.5904000;87.8620000;87.3860000;87.8070000;7052
EURRUB;60;20920;110000;87.8070000;87.8202000;87.5667000;87.7493000;26873
EURRUB;60;20920;120000;87.7524000;87.9157000;87.6675000;87.8560000;21429
EURRUB;60;20920;130000;87.8227000;87.9673000;87.7517000;87.7996000;16756
EURRUB;60;20920;140000;87.7966000;87.9277000;87.6175000;87.8769000;14993
EURRUB;60;20920;150000;87.8769000;87.9382000;87.7754000;87.9382000;18927
EURRUB;60;20920;160000;87.9382000;88.2032000;87.8274000;88.1734000;19912
EURRUB;60;20920;170000;88.1723000;89.2803000;87.9763000;88.9368000;27995
EURRUB;60;20920;180000;89.0219000;89.6288000;88.6988000;89.4581000;32162
EURRUB;60;20920;190000;89.4589000;89.5622000;89.0107000;89.1736000;23288
EURRUB;60;20920;200000;89.1784000;89.3390000;89.0683000;89.3257000;16156
EURRUB;60;20920;210000;89.3223000;89.3284000;88.8635000;89.0773000;14066
EURRUB;60;20920;220000;89.0771000;89.2052000;88.9473000;89.1194000;12969
EURRUB;60;20920;230000;89.1196000;89.1969000;88.9817000;89.1586000;10378
EURRUB;60;30920;0;89.1589000;89.3640000;89.0601000;89.2370000;5087
EURRUB;60;30920;10000;89.4570000;89.4930000;89.0850000;89.4930000;24
EURRUB;60;30920;20000;89.3542000;89.4660000;89.1050000;89.1510000;18
EURRUB;60;30920;30000;89.4770000;89.4910000;89.1320000;89.1320000;12
EURRUB;60;30920;40000;89.0680000;89.4010000;89.0680000;89.2860000;12
EURRUB;60;30920;50000;89.3030000;89.3140000;89.0340000;89.2820000;12
EURRUB;60;30920;60000;89.0350000;89.3180000;89.0090000;89.0320000;12
EURRUB;60;30920;70000;88.9880000;89.2510000;88.9450000;88.9450000;12
EURRUB;60;30920;80000;89.1970000;89.1970000;88.7960000;89.0850000;12
EURRUB;60;30920;90000;88.8010000;88.9780000;88.7295000;88.8401000;3375
EURRUB;60;30920;100000;88.7754000;89.1640000;88.7594000;89.0151000;11038
EURRUB;60;30920;110000;89.0153000;89.5517000;88.8432000;88.8950000;31753
EURRUB;60;30920;120000;88.8914000;89.1839000;88.7831000;89.0717000;23728
EURRUB;60;30920;130000;89.0475000;89.2503000;88.9728000;89.0937000;21535
EURRUB;60;30920;140000;89.0937000;89.1827000;89.0131000;89.1330000;18943
EURRUB;60;30920;150000;89.1333000;89.1839000;88.8849000;88.9793000;19007
EURRUB;60;30920;160000;88.9808000;89.0205000;88.6670000;88.7558000;26218
EURRUB;60;30920;170000;88.7564000;88.9754000;88.6686000;88.7444000;26865
EURRUB;60;30920;180000;88.6536000;89.0860000;88.5940000;89.0543000;32711
EURRUB;60;30920;190000;89.0543000;89.3490000;88.9633000;89.3131000;30331
EURRUB;60;30920;200000;89.3126000;89.3870000;88.9807000;89.1208000;27901
EURRUB;60;30920;210000;89.1208000;89.2770000;88.9684000;89.1809000;23109
EURRUB;60;30920;220000;89.1837000;89.2375000;88.9154000;89.1016000;19283
EURRUB;60;30920;230000;89.1014000;89.2630000;89.0275000;89.1927000;18152
EURRUB;60;40920;0;89.1927000;89.2520000;89.0704000;89.1310000;5847
EURRUB;60;40920;10000;89.0662000;89.2192000;88.9675000;89.1030000;99
EURRUB;60;40920;20000;89.2235000;89.2235000;88.9143000;88.9939000;1414
EURRUB;60;40920;30000;88.9911000;89.1980000;88.9250000;88.9330000;999
EURRUB;60;40920;40000;89.2020000;89.3020000;88.9550000;89.2740000;12
EURRUB;60;40920;50000;89.0280000;89.2810000;88.9310000;89.1510000;12
EURRUB;60;40920;60000;89.2610000;89.3090000;89.0010000;89.2110000;12
EURRUB;60;40920;70000;88.9240000;89.2210000;88.9240000;89.0040000;12
EURRUB;60;40920;80000;88.9880000;89.2670000;88.9880000;89.0090000;12
EURRUB;60;40920;90000;89.1610000;89.1950000;88.9010000;88.9100000;256
EURRUB;60;40920;100000;88.9851000;89.2523000;88.8840000;89.0113000;1429
EURRUB;60;40920;110000;89.0117000;89.4329000;88.8308000;88.9584000;29464
EURRUB;60;40920;120000;88.9584000;88.9973000;88.7353000;88.9835000;20794
EURRUB;60;40920;130000;88.9857000;89.0868000;88.8261000;88.8928000;17421
EURRUB;60;40920;140000;88.8928000;88.9340000;88.7571000;88.8944000;16207
EURRUB;60;40920;150000;88.8884000;89.0530000;88.8085000;88.9712000;19801
EURRUB;60;40920;160000;88.9712000;89.0003000;88.7561000;88.8447000;27357
EURRUB;60;40920;170000;88.8465000;88.9230000;88.7013000;88.9021000;33460
EURRUB;60;40920;180000;88.9021000;89.0777000;88.7335000;89.0612000;38984
EURRUB;60;40920;190000;89.0612000;89.1721000;88.9901000;89.0394000;27867
EURRUB;60;40920;200000;89.0532000;89.3154000;89.0216000;89.2213000;18266
EURRUB;60;40920;210000;89.2212000;89.3500000;89.1183000;89.1917000;14235
EURRUB;60;40920;220000;89.1917000;89.2373000;89.0117000;89.0583000;14020
EURRUB;60;40920;230000;89.0582000;89.2639000;89.0051000;89.2062000;16446
EURRUB;60;50920;0;89.2062000;89.2891000;89.0992000;89.2360000;4398
EURRUB;60;50920;10000;89.3220000;89.3220000;89.1330000;89.1330000;7
EURRUB;60;60920;230000;89.0900000;89.2680000;89.0900000;89.2680000;12
EURRUB;60;70920;0;89.2710000;89.4360000;89.2710000;89.4360000;2
EURRUB;60;70920;10000;89.0483000;89.3110000;88.9780000;89.1425000;35
EURRUB;60;70920;20000;89.1372000;89.2630000;88.8370000;89.2630000;21
EURRUB;60;70920;30000;88.9560000;89.2680000;88.9050000;89.2150000;12
EURRUB;60;70920;40000;88.9010000;89.2500000;88.8680000;88.9420000;12
EURRUB;60;70920;50000;88.9380000;89.2390000;88.9290000;89.2080000;12
EURRUB;60;70920;60000;88.9360000;89.2490000;88.8680000;89.2490000;12
EURRUB;60;70920;70000;89.2350000;89.2490000;88.9320000;89.2490000;12
EURRUB;60;70920;80000;88.9220000;89.2350000;88.8960000;88.8970000;12
EURRUB;60;70920;90000;89.1830000;89.4420000;88.9220000;89.3011000;440
EURRUB;60;70920;100000;89.3011000;89.4587000;89.1067000;89.3885000;6018
EURRUB;60;70920;110000;89.3885000;89.6628000;89.1698000;89.4275000;29356
EURRUB;60;70920;120000;89.4279000;89.5443000;89.3102000;89.5443000;23977
EURRUB;60;70920;130000;89.5443000;89.8900000;89.4277000;89.7969000;21484
EURRUB;60;70920;140000;89.7969000;90.0901000;89.7484000;89.9853000;25069
EURRUB;60;70920;150000;89.9856000;90.0448000;89.7242000;89.8541000;15560
EURRUB;60;70920;160000;89.8535000;89.9351000;89.7138000;89.8259000;13651
EURRUB;60;70920;170000;89.8262000;89.9635000;89.4087000;89.4513000;19560
EURRUB;60;70920;180000;89.4512000;89.6487000;89.3436000;89.6039000;16020
EURRUB;60;70920;190000;89.6038000;89.6239000;89.4529000;89.5295000;8821
EURRUB;60;70920;200000;89.5309000;89.5309000;89.2491000;89.4381000;9193
EURRUB;60;70920;210000;89.4376000;89.5653000;89.3256000;89.4459000;360
EURRUB;60;70920;220000;89.4383000;89.5330000;89.3350000;89.3350000;273
EURRUB;60;70920;230000;89.4707000;89.5520000;89.3114000;89.3534000;169
EURRUB;60;80920;0;89.3506000;89.5370000;89.3167000;89.3350000;114
EURRUB;60;80920;10000;89.3140000;89.5492000;89.3140000;89.3680000;24
EURRUB;60;80920;20000;89.4355000;89.5150000;89.2848000;89.4880000;176
EURRUB;60;80920;30000;89.4850000;89.5580000;89.3442000;89.3615000;362
EURRUB;60;80920;40000;89.3617000;89.5260000;89.2627000;89.3310000;3419
EURRUB;60;80920;50000;89.5290000;89.5290000;89.2930000;89.4860000;12
EURRUB;60;80920;60000;89.4630000;89.5240000;89.3400000;89.5230000;12
EURRUB;60;80920;70000;89.3640000;89.5670000;89.3320000;89.5370000;12
EURRUB;60;80920;80000;89.5380000;89.5500000;89.3470000;89.5450000;12
EURRUB;60;80920;90000;89.5590000;89.6170000;89.3320000;89.5642000;1814
EURRUB;60;80920;100000;89.5642000;89.8060000;89.3689000;89.7026000;7499
EURRUB;60;80920;110000;89.7021000;89.9058000;89.3291000;89.7104000;25197
EURRUB;60;80920;120000;89.7107000;89.9999000;89.6538000;89.8234000;22148
EURRUB;60;80920;130000;89.8607000;90.0715000;89.7943000;90.0127000;22940
EURRUB;60;80920;140000;90.0119000;90.1517000;89.8829000;90.0362000;26938
EURRUB;60;80920;150000;90.0360000;90.1804000;89.9199000;90.1268000;24359
EURRUB;60;80920;160000;90.1248000;90.1511000;89.9117000;90.0394000;27097
EURRUB;60;80920;170000;90.0371000;90.1971000;89.9624000;90.0035000;33726
EURRUB;60;80920;180000;90.0035000;90.1925000;89.8107000;90.1734000;36090
EURRUB;60;80920;190000;90.1734000;90.2553000;90.0125000;90.0965000;23797
EURRUB;60;80920;200000;90.0961000;90.1180000;89.8587000;89.9179000;19280
EURRUB;60;80920;210000;89.9178000;89.9520000;89.7293000;89.8198000;13233
EURRUB;60;80920;220000;89.8189000;89.9330000;89.7282000;89.8965000;13071
EURRUB;60;80920;230000;89.8935000;89.9381000;89.7194000;89.8410000;15489
EURRUB;60;90920;0;89.8437000;89.9460000;89.6449000;89.6457000;5692
EURRUB;60;90920;10000;89.6310000;89.8200000;89.4950000;89.7140000;41
EURRUB;60;90920;20000;89.7140000;89.7780000;89.4060000;89.7500000;18
EURRUB;60;90920;30000;89.7500000;89.7510000;89.6890000;89.7510000;12
EURRUB;60;90920;40000;89.7400000;89.8240000;89.5880000;89.6050000;12
EURRUB;60;90920;50000;89.7920000;89.8560000;89.6150000;89.8280000;12
EURRUB;60;90920;60000;89.8340000;89.8730000;89.6280000;89.7620000;12
EURRUB;60;90920;70000;89.7770000;89.9070000;89.6700000;89.6700000;12
EURRUB;60;90920;80000;89.6800000;89.8440000;89.6650000;89.8270000;12
EURRUB;60;90920;90000;89.8190000;89.9140000;89.6520000;89.9120000;118
EURRUB;60;90920;100000;89.8690000;90.0020000;89.5900000;89.8428000;10427
EURRUB;60;90920;110000;89.8472000;89.9460000;89.2822000;89.3730000;39568
EURRUB;60;90920;120000;89.3730000;89.5583000;89.2770000;89.4808000;31924
EURRUB;60;90920;130000;89.4810000;89.5197000;89.2529000;89.3097000;23405
EURRUB;60;90920;140000;89.3097000;89.3116000;89.0460000;89.1597000;18961
EURRUB;60;90920;150000;89.1598000;89.3554000;89.1081000;89.3316000;23192
EURRUB;60;90920;160000;89.3318000;89.3999000;89.1140000;89.3178000;29185
EURRUB;60;90920;170000;89.3173000;89.3629000;89.0800000;89.2760000;39128
EURRUB;60;90920;180000;89.2777000;89.3397000;88.9440000;89.0325000;35934
EURRUB;60;90920;190000;89.0325000;89.1240000;88.9100000;89.0323000;21575
EURRUB;60;90920;200000;89.0230000;89.1450000;88.9018000;89.1108000;15288
EURRUB;60;90920;210000;89.1090000;89.1157000;88.7894000;88.9328000;17051
EURRUB;60;90920;220000;88.9325000;89.0029000;88.8334000;88.9947000;11722
EURRUB;60;90920;230000;88.9947000;89.0386000;88.8420000;88.9252000;10216
EURRUB;60;100920;0;88.9228000;88.9810000;88.7501000;88.7508000;7739
EURRUB;60;100920;10000;88.6130000;88.9430000;88.6130000;88.8558000;27
EURRUB;60;100920;20000;88.8506000;88.9820000;88.7950000;88.8020000;19
EURRUB;60;100920;30000;88.8200000;88.9760000;88.8200000;88.8790000;12
EURRUB;60;100920;40000;88.8530000;88.9240000;88.7469000;88.7954000;1061
EURRUB;60;100920;50000;88.8860000;89.0210000;88.8430000;88.9060000;12
EURRUB;60;100920;60000;88.9260000;89.1140000;88.9210000;88.9720000;12
EURRUB;60;100920;70000;88.9620000;89.1240000;88.9270000;88.9270000;12
EURRUB;60;100920;80000;89.1010000;89.1010000;88.9230000;88.9870000;12
EURRUB;60;100920;90000;88.9490000;89.1370000;88.8916000;89.1290000;389
EURRUB;60;100920;100000;89.0250000;89.0870000;88.9125000;88.9977000;5945
EURRUB;60;100920;110000;88.9977000;89.3895000;88.9288000;89.3804000;35007
EURRUB;60;100920;120000;89.3829000;89.4663000;89.2647000;89.3736000;28012
EURRUB;60;100920;130000;89.3737000;89.4091000;89.1541000;89.2068000;27565
EURRUB;60;100920;140000;89.2067000;89.2090000;88.8760000;88.9931000;26488
EURRUB;60;100920;150000;88.9931000;89.0358000;88.7740000;88.9227000;27305
EURRUB;60;100920;160000;88.9227000;89.1675000;88.7740000;89.0200000;20547
EURRUB;60;100920;170000;89.0200000;89.1020000;88.7060000;88.9275000;13426
EURRUB;60;100920;180000;88.9275000;89.1900000;88.7400000;89.0636000;14400
EURRUB;60;100920;190000;89.0767000;89.2150000;88.8420000;89.1550000;12996
EURRUB;60;100920;200000;89.0120000;89.2130000;88.8420000;88.9975000;10053
EURRUB;60;100920;210000;88.8760000;89.0470000;88.8080000;88.9650000;8369
EURRUB;60;100920;220000;88.9575000;89.0319000;88.7400000;88.9400000;9066
EURRUB;60;100920;230000;88.9425000;89.0290000;88.8080000;88.9648000;21842
EURRUB;60;110920;0;88.9657000;88.9800000;88.6360000;88.6360000;8794
EURRUB;60;110920;10000;88.5300000;88.8820000;88.5300000;88.7645000;28
EURRUB;60;110920;20000;88.7720000;88.8750000;88.6000000;88.6500000;22
EURRUB;60;110920;30000;88.7050000;88.9130000;88.7050000;88.8990000;12
EURRUB;60;110920;40000;88.8280000;88.8770000;88.5690000;88.6720000;12
EURRUB;60;110920;50000;88.9080000;88.9320000;88.6710000;88.9160000;12
EURRUB;60;110920;60000;88.6660000;89.0530000;88.6660000;88.9420000;12
EURRUB;60;110920;70000;88.9480000;89.0000000;88.7340000;89.0000000;12
EURRUB;60;110920;80000;88.8230000;89.0550000;88.7849000;88.8766000;1545
EURRUB;60;110920;90000;88.8768000;89.0180000;88.7990000;88.8672000;2371
EURRUB;60;110920;100000;88.8723000;88.9780000;88.7206000;88.7690000;5104
EURRUB;60;110920;110000;88.7698000;88.8927000;88.4000000;88.6252000;41556
EURRUB;60;110920;120000;88.6252000;88.7936000;88.5168000;88.7752000;29701
EURRUB;60;110920;130000;88.7752000;88.9570000;88.7187000;88.9538000;25435
EURRUB;60;110920;140000;88.9548000;88.9842000;88.6565000;88.7036000;23828
EURRUB;60;110920;150000;88.7109000;88.8259000;88.6040000;88.7930000;21305
EURRUB;60;110920;160000;88.7936000;88.9138000;88.6040000;88.8450000;23340
EURRUB;60;110920;170000;88.8448000;88.8591000;88.5700000;88.6342000;31853
EURRUB;60;110920;180000;88.6342000;88.8172000;88.5635000;88.6749000;33873
EURRUB;60;110920;190000;88.6742000;88.7936000;88.5360000;88.6941000;22671
EURRUB;60;110920;200000;88.6934000;88.8767000;88.6444000;88.8486000;12558
EURRUB;60;110920;210000;88.8486000;88.8990000;88.7400000;88.8016000;12300
EURRUB;60;110920;220000;88.8014000;88.8480000;88.6138000;88.7172000;12503
EURRUB;60;110920;230000;88.7116000;88.9170000;88.6367000;88.8653000;10549
EURRUB;60;120920;0;88.8618000;88.8760000;88.5920000;88.5920000;3655
EURRUB;60;120920;10000;88.7370000;88.7370000;88.5960000;88.5960000;8
EURRUB;60;130920;200000;88.8150000;88.8150000;88.8150000;88.8150000;6
